"","Month","MoY","SCODE","STATION","NAME","LATITUDE","LONGITUDE","DATE","Year","Day","DoY","Time","PRCP","TAVG","TMAX","TMIN","MAVG","MMAX","NormalMMAX"
"47",1,"2018-01","S002","ASN00031011","CAIRNS AERO, AS",-16.8736,145.7458,"2018-01-31",2018,31,"01-31",10258,0,28.1,31.7,24.5,27.791935483871,31.8322580645161,31.6660215053763
"54",1,"2018-01","S002","ASN00031011","CAIRNS AERO, AS",-16.8736,145.7458,"2018-01-26",2018,26,"01-26",10253,NA,26.95,29.8,24.1,27.791935483871,31.8322580645161,31.6660215053763
"62",1,"2018-01","S002","ASN00031011","CAIRNS AERO, AS",-16.8736,145.7458,"2018-01-21",2018,21,"01-21",10248,NA,26.25,29.4,23.1,27.791935483871,31.8322580645161,31.6660215053763
"70",1,"2018-01","S002","ASN00031011","CAIRNS AERO, AS",-16.8736,145.7458,"2018-01-16",2018,16,"01-16",10243,105.2,27.35,32.4,22.3,27.791935483871,31.8322580645161,31.6660215053763
"125",1,"2018-01","S002","ASN00031011","CAIRNS AERO, AS",-16.8736,145.7458,"2018-01-27",2018,27,"01-27",10254,NA,28.2,31.8,24.6,27.791935483871,31.8322580645161,31.6660215053763
"126",1,"2018-01","S002","ASN00031011","CAIRNS AERO, AS",-16.8736,145.7458,"2018-01-28",2018,28,"01-28",10255,NA,27.65,31.3,24,27.791935483871,31.8322580645161,31.6660215053763
"127",1,"2018-01","S002","ASN00031011","CAIRNS AERO, AS",-16.8736,145.7458,"2018-01-29",2018,29,"01-29",10256,1,28,32.4,23.6,27.791935483871,31.8322580645161,31.6660215053763
"128",1,"2018-01","S002","ASN00031011","CAIRNS AERO, AS",-16.8736,145.7458,"2018-01-30",2018,30,"01-30",10257,0,26.9,30.6,23.2,27.791935483871,31.8322580645161,31.6660215053763
"136",1,"2018-01","S002","ASN00031011","CAIRNS AERO, AS",-16.8736,145.7458,"2018-01-25",2018,25,"01-25",10252,NA,28.05,32.2,23.9,27.791935483871,31.8322580645161,31.6660215053763
"144",1,"2018-01","S002","ASN00031011","CAIRNS AERO, AS",-16.8736,145.7458,"2018-01-20",2018,20,"01-20",10247,NA,26.15,29.2,23.1,27.791935483871,31.8322580645161,31.6660215053763
"152",1,"2018-01","S002","ASN00031011","CAIRNS AERO, AS",-16.8736,145.7458,"2018-01-15",2018,15,"01-15",10242,0,27.75,32,23.5,27.791935483871,31.8322580645161,31.6660215053763
"216",1,"2018-01","S002","ASN00031011","CAIRNS AERO, AS",-16.8736,145.7458,"2018-01-24",2018,24,"01-24",10251,NA,27.7,31.5,23.9,27.791935483871,31.8322580645161,31.6660215053763
"224",1,"2018-01","S002","ASN00031011","CAIRNS AERO, AS",-16.8736,145.7458,"2018-01-19",2018,19,"01-19",10246,NA,25.2,26.9,23.5,27.791935483871,31.8322580645161,31.6660215053763
"232",1,"2018-01","S002","ASN00031011","CAIRNS AERO, AS",-16.8736,145.7458,"2018-01-14",2018,14,"01-14",10241,0,25.95,31.1,20.8,27.791935483871,31.8322580645161,31.6660215053763
"304",1,"2018-01","S002","ASN00031011","CAIRNS AERO, AS",-16.8736,145.7458,"2018-01-18",2018,18,"01-18",10245,NA,27.35,31.8,22.9,27.791935483871,31.8322580645161,31.6660215053763
"312",1,"2018-01","S002","ASN00031011","CAIRNS AERO, AS",-16.8736,145.7458,"2018-01-13",2018,13,"01-13",10240,0,27.6,32.8,22.4,27.791935483871,31.8322580645161,31.6660215053763
"377",1,"2018-01","S002","ASN00031011","CAIRNS AERO, AS",-16.8736,145.7458,"2018-01-23",2018,23,"01-23",10250,NA,28.35,32.4,24.3,27.791935483871,31.8322580645161,31.6660215053763
"392",1,"2018-01","S002","ASN00031011","CAIRNS AERO, AS",-16.8736,145.7458,"2018-01-12",2018,12,"01-12",10239,4.4,28,32.1,23.9,27.791935483871,31.8322580645161,31.6660215053763
"457",1,"2018-01","S002","ASN00031011","CAIRNS AERO, AS",-16.8736,145.7458,"2018-01-22",2018,22,"01-22",10249,0.2,26.6,29.3,23.9,27.791935483871,31.8322580645161,31.6660215053763
"465",1,"2018-01","S002","ASN00031011","CAIRNS AERO, AS",-16.8736,145.7458,"2018-01-17",2018,17,"01-17",10244,NA,25.7,29.6,21.8,27.791935483871,31.8322580645161,31.6660215053763
"473",1,"2018-01","S002","ASN00031011","CAIRNS AERO, AS",-16.8736,145.7458,"2018-01-11",2018,11,"01-11",10238,0.8,27.75,31.3,24.2,27.791935483871,31.8322580645161,31.6660215053763
"553",1,"2018-01","S002","ASN00031011","CAIRNS AERO, AS",-16.8736,145.7458,"2018-01-10",2018,10,"01-10",10237,NA,27.85,32.6,23.1,27.791935483871,31.8322580645161,31.6660215053763
"620",1,"2018-01","S002","ASN00031011","CAIRNS AERO, AS",-16.8736,145.7458,"2018-01-09",2018,9,"01-09",10236,NA,28.3,33,23.6,27.791935483871,31.8322580645161,31.6660215053763
"674",1,"2018-01","S002","ASN00031011","CAIRNS AERO, AS",-16.8736,145.7458,"2018-01-08",2018,8,"01-08",10235,NA,28.3,32.8,23.8,27.791935483871,31.8322580645161,31.6660215053763
"715",1,"2018-01","S002","ASN00031011","CAIRNS AERO, AS",-16.8736,145.7458,"2018-01-07",2018,7,"01-07",10234,NA,28.4,31.2,25.6,27.791935483871,31.8322580645161,31.6660215053763
"716",1,"2018-01","S002","ASN00031011","CAIRNS AERO, AS",-16.8736,145.7458,"2018-01-04",2018,4,"01-04",10231,0,31,36.3,25.7,27.791935483871,31.8322580645161,31.6660215053763
"742",1,"2018-01","S002","ASN00031011","CAIRNS AERO, AS",-16.8736,145.7458,"2018-01-06",2018,6,"01-06",10233,NA,27.65,32.7,22.6,27.791935483871,31.8322580645161,31.6660215053763
"743",1,"2018-01","S002","ASN00031011","CAIRNS AERO, AS",-16.8736,145.7458,"2018-01-03",2018,3,"01-03",10230,0,31.4,35.9,26.9,27.791935483871,31.8322580645161,31.6660215053763
"757",1,"2018-01","S002","ASN00031011","CAIRNS AERO, AS",-16.8736,145.7458,"2018-01-02",2018,2,"01-02",10229,0,30.5,34.1,26.9,27.791935483871,31.8322580645161,31.6660215053763
"769",1,"2018-01","S002","ASN00031011","CAIRNS AERO, AS",-16.8736,145.7458,"2018-01-05",2018,5,"01-05",10232,10.8,28.05,33,23.1,27.791935483871,31.8322580645161,31.6660215053763
"784",1,"2018-01","S002","ASN00031011","CAIRNS AERO, AS",-16.8736,145.7458,"2018-01-01",2018,1,"01-01",10228,0,28.55,33.6,23.5,27.791935483871,31.8322580645161,31.6660215053763
"937",2,"2018-02","S002","ASN00031011","CAIRNS AERO, AS",-16.8736,145.7458,"2018-02-27",2018,27,"02-27",10285,NA,27.75,31.2,24.3,27.1,30.9107142857143,31.4844868735084
"944",2,"2018-02","S002","ASN00031011","CAIRNS AERO, AS",-16.8736,145.7458,"2018-02-23",2018,23,"02-23",10281,NA,27.15,30.8,23.5,27.1,30.9107142857143,31.4844868735084
"946",2,"2018-02","S002","ASN00031011","CAIRNS AERO, AS",-16.8736,145.7458,"2018-02-28",2018,28,"02-28",10286,NA,27.9,31.4,24.4,27.1,30.9107142857143,31.4844868735084
"960",2,"2018-02","S002","ASN00031011","CAIRNS AERO, AS",-16.8736,145.7458,"2018-02-26",2018,26,"02-26",10284,21.4,28.05,32.7,23.4,27.1,30.9107142857143,31.4844868735084
"972",2,"2018-02","S002","ASN00031011","CAIRNS AERO, AS",-16.8736,145.7458,"2018-02-21",2018,21,"02-21",10279,NA,27.15,29.4,24.9,27.1,30.9107142857143,31.4844868735084
"984",2,"2018-02","S002","ASN00031011","CAIRNS AERO, AS",-16.8736,145.7458,"2018-02-22",2018,22,"02-22",10280,NA,26.1,28.4,23.8,27.1,30.9107142857143,31.4844868735084
"1006",2,"2018-02","S002","ASN00031011","CAIRNS AERO, AS",-16.8736,145.7458,"2018-02-18",2018,18,"02-18",10276,NA,27.55,32.6,22.5,27.1,30.9107142857143,31.4844868735084
"1014",2,"2018-02","S002","ASN00031011","CAIRNS AERO, AS",-16.8736,145.7458,"2018-02-20",2018,20,"02-20",10278,NA,28.5,31.5,25.5,27.1,30.9107142857143,31.4844868735084
"1028",2,"2018-02","S002","ASN00031011","CAIRNS AERO, AS",-16.8736,145.7458,"2018-02-19",2018,19,"02-19",10277,0,27.6,31.3,23.9,27.1,30.9107142857143,31.4844868735084
"1062",2,"2018-02","S002","ASN00031011","CAIRNS AERO, AS",-16.8736,145.7458,"2018-02-17",2018,17,"02-17",10275,NA,28.65,33.6,23.7,27.1,30.9107142857143,31.4844868735084
"1063",2,"2018-02","S002","ASN00031011","CAIRNS AERO, AS",-16.8736,145.7458,"2018-02-16",2018,16,"02-16",10274,NA,28.25,32,24.5,27.1,30.9107142857143,31.4844868735084
"1103",2,"2018-02","S002","ASN00031011","CAIRNS AERO, AS",-16.8736,145.7458,"2018-02-15",2018,15,"02-15",10273,NA,27.8,32.2,23.4,27.1,30.9107142857143,31.4844868735084
"1111",2,"2018-02","S002","ASN00031011","CAIRNS AERO, AS",-16.8736,145.7458,"2018-02-25",2018,25,"02-25",10283,NA,27.5,31.2,23.8,27.1,30.9107142857143,31.4844868735084
"1123",2,"2018-02","S002","ASN00031011","CAIRNS AERO, AS",-16.8736,145.7458,"2018-02-13",2018,13,"02-13",10271,NA,26.15,31,21.3,27.1,30.9107142857143,31.4844868735084
"1125",2,"2018-02","S002","ASN00031011","CAIRNS AERO, AS",-16.8736,145.7458,"2018-02-24",2018,24,"02-24",10282,NA,27,30.6,23.4,27.1,30.9107142857143,31.4844868735084
"1159",2,"2018-02","S002","ASN00031011","CAIRNS AERO, AS",-16.8736,145.7458,"2018-02-14",2018,14,"02-14",10272,NA,28.2,33.5,22.9,27.1,30.9107142857143,31.4844868735084
"1205",2,"2018-02","S002","ASN00031011","CAIRNS AERO, AS",-16.8736,145.7458,"2018-02-12",2018,12,"02-12",10270,0,24.9,30.2,19.6,27.1,30.9107142857143,31.4844868735084
"1219",2,"2018-02","S002","ASN00031011","CAIRNS AERO, AS",-16.8736,145.7458,"2018-02-11",2018,11,"02-11",10269,NA,25.75,29.9,21.6,27.1,30.9107142857143,31.4844868735084
"1259",2,"2018-02","S002","ASN00031011","CAIRNS AERO, AS",-16.8736,145.7458,"2018-02-10",2018,10,"02-10",10268,NA,25.95,30.8,21.1,27.1,30.9107142857143,31.4844868735084
"1286",2,"2018-02","S002","ASN00031011","CAIRNS AERO, AS",-16.8736,145.7458,"2018-02-09",2018,9,"02-09",10267,NA,26,29.8,22.2,27.1,30.9107142857143,31.4844868735084
"1301",2,"2018-02","S002","ASN00031011","CAIRNS AERO, AS",-16.8736,145.7458,"2018-02-08",2018,8,"02-08",10266,3.2,27,31,23,27.1,30.9107142857143,31.4844868735084
"1341",2,"2018-02","S002","ASN00031011","CAIRNS AERO, AS",-16.8736,145.7458,"2018-02-07",2018,7,"02-07",10265,46.6,26.65,30.1,23.2,27.1,30.9107142857143,31.4844868735084
"1381",2,"2018-02","S002","ASN00031011","CAIRNS AERO, AS",-16.8736,145.7458,"2018-02-06",2018,6,"02-06",10264,NA,24.7,25.9,23.5,27.1,30.9107142857143,31.4844868735084
"1421",2,"2018-02","S002","ASN00031011","CAIRNS AERO, AS",-16.8736,145.7458,"2018-02-05",2018,5,"02-05",10263,41,25.2,26.5,23.9,27.1,30.9107142857143,31.4844868735084
"1436",2,"2018-02","S002","ASN00031011","CAIRNS AERO, AS",-16.8736,145.7458,"2018-02-01",2018,1,"02-01",10259,0,27.35,31.8,22.9,27.1,30.9107142857143,31.4844868735084
"1448",2,"2018-02","S002","ASN00031011","CAIRNS AERO, AS",-16.8736,145.7458,"2018-02-04",2018,4,"02-04",10262,NA,28.85,32.4,25.3,27.1,30.9107142857143,31.4844868735084
"1475",2,"2018-02","S002","ASN00031011","CAIRNS AERO, AS",-16.8736,145.7458,"2018-02-03",2018,3,"02-03",10261,NA,27.5,31.6,23.4,27.1,30.9107142857143,31.4844868735084
"1489",2,"2018-02","S002","ASN00031011","CAIRNS AERO, AS",-16.8736,145.7458,"2018-02-02",2018,2,"02-02",10260,0,27.65,32.1,23.2,27.1,30.9107142857143,31.4844868735084
"1787",3,"2018-03","S002","ASN00031011","CAIRNS AERO, AS",-16.8736,145.7458,"2018-03-29",2018,29,"03-29",10315,NA,28.35,31.6,25.1,26.9112903225806,30.3548387096774,30.854623655914
"1789",3,"2018-03","S002","ASN00031011","CAIRNS AERO, AS",-16.8736,145.7458,"2018-03-26",2018,26,"03-26",10312,NA,26.3,29.8,22.8,26.9112903225806,30.3548387096774,30.854623655914
"1799",3,"2018-03","S002","ASN00031011","CAIRNS AERO, AS",-16.8736,145.7458,"2018-03-31",2018,31,"03-31",10317,0,27.95,32.5,23.4,26.9112903225806,30.3548387096774,30.854623655914
"1801",3,"2018-03","S002","ASN00031011","CAIRNS AERO, AS",-16.8736,145.7458,"2018-03-28",2018,28,"03-28",10314,NA,27.75,31.6,23.9,26.9112903225806,30.3548387096774,30.854623655914
"1802",3,"2018-03","S002","ASN00031011","CAIRNS AERO, AS",-16.8736,145.7458,"2018-03-30",2018,30,"03-30",10316,NA,26,32,20,26.9112903225806,30.3548387096774,30.854623655914
"1830",3,"2018-03","S002","ASN00031011","CAIRNS AERO, AS",-16.8736,145.7458,"2018-03-27",2018,27,"03-27",10313,NA,26.55,28.6,24.5,26.9112903225806,30.3548387096774,30.854623655914
"1841",3,"2018-03","S002","ASN00031011","CAIRNS AERO, AS",-16.8736,145.7458,"2018-03-25",2018,25,"03-25",10311,0,25.45,27.7,23.2,26.9112903225806,30.3548387096774,30.854623655914
"1842",3,"2018-03","S002","ASN00031011","CAIRNS AERO, AS",-16.8736,145.7458,"2018-03-24",2018,24,"03-24",10310,0,26,27.6,24.4,26.9112903225806,30.3548387096774,30.854623655914
"1863",3,"2018-03","S002","ASN00031011","CAIRNS AERO, AS",-16.8736,145.7458,"2018-03-21",2018,21,"03-21",10307,0,27.45,31.4,23.5,26.9112903225806,30.3548387096774,30.854623655914
"1898",3,"2018-03","S002","ASN00031011","CAIRNS AERO, AS",-16.8736,145.7458,"2018-03-23",2018,23,"03-23",10309,0,26.4,29.7,23.1,26.9112903225806,30.3548387096774,30.854623655914
"1912",3,"2018-03","S002","ASN00031011","CAIRNS AERO, AS",-16.8736,145.7458,"2018-03-22",2018,22,"03-22",10308,0,26.45,29,23.9,26.9112903225806,30.3548387096774,30.854623655914
"1920",3,"2018-03","S002","ASN00031011","CAIRNS AERO, AS",-16.8736,145.7458,"2018-03-20",2018,20,"03-20",10306,0,27.75,31.5,24,26.9112903225806,30.3548387096774,30.854623655914
"1947",3,"2018-03","S002","ASN00031011","CAIRNS AERO, AS",-16.8736,145.7458,"2018-03-19",2018,19,"03-19",10305,0,28.05,31,25.1,26.9112903225806,30.3548387096774,30.854623655914
"1974",3,"2018-03","S002","ASN00031011","CAIRNS AERO, AS",-16.8736,145.7458,"2018-03-18",2018,18,"03-18",10304,0,27.5,31.4,23.6,26.9112903225806,30.3548387096774,30.854623655914
"2016",3,"2018-03","S002","ASN00031011","CAIRNS AERO, AS",-16.8736,145.7458,"2018-03-17",2018,17,"03-17",10303,0,27.45,32,22.9,26.9112903225806,30.3548387096774,30.854623655914
"2092",3,"2018-03","S002","ASN00031011","CAIRNS AERO, AS",-16.8736,145.7458,"2018-03-16",2018,16,"03-16",10302,0,26.55,32,21.1,26.9112903225806,30.3548387096774,30.854623655914
"2174",3,"2018-03","S002","ASN00031011","CAIRNS AERO, AS",-16.8736,145.7458,"2018-03-14",2018,14,"03-14",10300,0,26.1,31.7,20.5,26.9112903225806,30.3548387096774,30.854623655914
"2213",3,"2018-03","S002","ASN00031011","CAIRNS AERO, AS",-16.8736,145.7458,"2018-03-12",2018,12,"03-12",10298,NA,27.1,30.5,23.7,26.9112903225806,30.3548387096774,30.854623655914
"2214",3,"2018-03","S002","ASN00031011","CAIRNS AERO, AS",-16.8736,145.7458,"2018-03-13",2018,13,"03-13",10299,0.4,25.85,29.6,22.1,26.9112903225806,30.3548387096774,30.854623655914
"2215",3,"2018-03","S002","ASN00031011","CAIRNS AERO, AS",-16.8736,145.7458,"2018-03-15",2018,15,"03-15",10301,0,28.1,32,24.2,26.9112903225806,30.3548387096774,30.854623655914
"2293",3,"2018-03","S002","ASN00031011","CAIRNS AERO, AS",-16.8736,145.7458,"2018-03-10",2018,10,"03-10",10296,NA,26.4,30.2,22.6,26.9112903225806,30.3548387096774,30.854623655914
"2294",3,"2018-03","S002","ASN00031011","CAIRNS AERO, AS",-16.8736,145.7458,"2018-03-11",2018,11,"03-11",10297,1.6,25.9,27.9,23.9,26.9112903225806,30.3548387096774,30.854623655914
"2332",3,"2018-03","S002","ASN00031011","CAIRNS AERO, AS",-16.8736,145.7458,"2018-03-08",2018,8,"03-08",10294,25.8,25.55,27,24.1,26.9112903225806,30.3548387096774,30.854623655914
"2333",3,"2018-03","S002","ASN00031011","CAIRNS AERO, AS",-16.8736,145.7458,"2018-03-09",2018,9,"03-09",10295,NA,25.75,27.3,24.2,26.9112903225806,30.3548387096774,30.854623655914
"2372",3,"2018-03","S002","ASN00031011","CAIRNS AERO, AS",-16.8736,145.7458,"2018-03-07",2018,7,"03-07",10293,44,26.35,29.1,23.6,26.9112903225806,30.3548387096774,30.854623655914
"2399",3,"2018-03","S002","ASN00031011","CAIRNS AERO, AS",-16.8736,145.7458,"2018-03-06",2018,6,"03-06",10292,NA,26.6,30.3,22.9,26.9112903225806,30.3548387096774,30.854623655914
"2439",3,"2018-03","S002","ASN00031011","CAIRNS AERO, AS",-16.8736,145.7458,"2018-03-05",2018,5,"03-05",10291,35.6,27.55,31.6,23.5,26.9112903225806,30.3548387096774,30.854623655914
"2468",3,"2018-03","S002","ASN00031011","CAIRNS AERO, AS",-16.8736,145.7458,"2018-03-04",2018,4,"03-04",10290,NA,27.25,29.8,24.7,26.9112903225806,30.3548387096774,30.854623655914
"2495",3,"2018-03","S002","ASN00031011","CAIRNS AERO, AS",-16.8736,145.7458,"2018-03-03",2018,3,"03-03",10289,NA,27.3,31,23.6,26.9112903225806,30.3548387096774,30.854623655914
"2522",3,"2018-03","S002","ASN00031011","CAIRNS AERO, AS",-16.8736,145.7458,"2018-03-02",2018,2,"03-02",10288,NA,28.25,32,24.5,26.9112903225806,30.3548387096774,30.854623655914
"2536",3,"2018-03","S002","ASN00031011","CAIRNS AERO, AS",-16.8736,145.7458,"2018-03-01",2018,1,"03-01",10287,NA,28.25,31.6,24.9,26.9112903225806,30.3548387096774,30.854623655914
"2701",4,"2018-04","S002","ASN00031011","CAIRNS AERO, AS",-16.8736,145.7458,"2018-04-26",2018,26,"04-26",10343,NA,23.9,31,16.8,26.5066666666667,30.648275862069,29.5869710467706
"2702",4,"2018-04","S002","ASN00031011","CAIRNS AERO, AS",-16.8736,145.7458,"2018-04-28",2018,28,"04-28",10345,NA,23.6,30.6,16.6,26.5066666666667,30.648275862069,29.5869710467706
"2710",4,"2018-04","S002","ASN00031011","CAIRNS AERO, AS",-16.8736,145.7458,"2018-04-27",2018,27,"04-27",10344,NA,23.45,31.1,15.8,26.5066666666667,30.648275862069,29.5869710467706
"2712",4,"2018-04","S002","ASN00031011","CAIRNS AERO, AS",-16.8736,145.7458,"2018-04-30",2018,30,"04-30",10347,2.4,24.1,28.7,19.5,26.5066666666667,30.648275862069,29.5869710467706
"2737",4,"2018-04","S002","ASN00031011","CAIRNS AERO, AS",-16.8736,145.7458,"2018-04-29",2018,29,"04-29",10346,NA,25.25,29,21.5,26.5066666666667,30.648275862069,29.5869710467706
"2816",4,"2018-04","S002","ASN00031011","CAIRNS AERO, AS",-16.8736,145.7458,"2018-04-25",2018,25,"04-25",10342,NA,24.5,30.7,18.3,26.5066666666667,30.648275862069,29.5869710467706
"2846",4,"2018-04","S002","ASN00031011","CAIRNS AERO, AS",-16.8736,145.7458,"2018-04-23",2018,23,"04-23",10340,NA,25.55,30.2,20.9,26.5066666666667,30.648275862069,29.5869710467706
"2861",4,"2018-04","S002","ASN00031011","CAIRNS AERO, AS",-16.8736,145.7458,"2018-04-24",2018,24,"04-24",10341,NA,25.75,30.3,21.2,26.5066666666667,30.648275862069,29.5869710467706
"2881",4,"2018-04","S002","ASN00031011","CAIRNS AERO, AS",-16.8736,145.7458,"2018-04-15",2018,15,"04-15",10332,NA,28.05,32,24.1,26.5066666666667,30.648275862069,29.5869710467706
"2887",4,"2018-04","S002","ASN00031011","CAIRNS AERO, AS",-16.8736,145.7458,"2018-04-21",2018,21,"04-21",10338,NA,25.9,30.2,21.6,26.5066666666667,30.648275862069,29.5869710467706
"2928",4,"2018-04","S002","ASN00031011","CAIRNS AERO, AS",-16.8736,145.7458,"2018-04-22",2018,22,"04-22",10339,NA,25.75,30.7,20.8,26.5066666666667,30.648275862069,29.5869710467706
"2952",4,"2018-04","S002","ASN00031011","CAIRNS AERO, AS",-16.8736,145.7458,"2018-04-13",2018,13,"04-13",10330,NA,27.4,31,23.8,26.5066666666667,30.648275862069,29.5869710467706
"2953",4,"2018-04","S002","ASN00031011","CAIRNS AERO, AS",-16.8736,145.7458,"2018-04-14",2018,14,"04-14",10331,NA,27.1,31.4,22.8,26.5066666666667,30.648275862069,29.5869710467706
"3005",4,"2018-04","S002","ASN00031011","CAIRNS AERO, AS",-16.8736,145.7458,"2018-04-20",2018,20,"04-20",10337,NA,25.85,30.4,21.3,26.5066666666667,30.648275862069,29.5869710467706
"3018",4,"2018-04","S002","ASN00031011","CAIRNS AERO, AS",-16.8736,145.7458,"2018-04-11",2018,11,"04-11",10328,0.4,26.6,30.5,22.7,26.5066666666667,30.648275862069,29.5869710467706
"3019",4,"2018-04","S002","ASN00031011","CAIRNS AERO, AS",-16.8736,145.7458,"2018-04-12",2018,12,"04-12",10329,NA,26,29,23,26.5066666666667,30.648275862069,29.5869710467706
"3087",4,"2018-04","S002","ASN00031011","CAIRNS AERO, AS",-16.8736,145.7458,"2018-04-18",2018,18,"04-18",10335,NA,30.5,NA,30.5,26.5066666666667,30.648275862069,29.5869710467706
"3127",4,"2018-04","S002","ASN00031011","CAIRNS AERO, AS",-16.8736,145.7458,"2018-04-17",2018,17,"04-17",10334,NA,27.15,30.7,23.6,26.5066666666667,30.648275862069,29.5869710467706
"3128",4,"2018-04","S002","ASN00031011","CAIRNS AERO, AS",-16.8736,145.7458,"2018-04-19",2018,19,"04-19",10336,NA,26.75,30.3,23.2,26.5066666666667,30.648275862069,29.5869710467706
"3167",4,"2018-04","S002","ASN00031011","CAIRNS AERO, AS",-16.8736,145.7458,"2018-04-16",2018,16,"04-16",10333,NA,26.45,29.1,23.8,26.5066666666667,30.648275862069,29.5869710467706
"3178",4,"2018-04","S002","ASN00031011","CAIRNS AERO, AS",-16.8736,145.7458,"2018-04-09",2018,9,"04-09",10326,NA,28.2,31,25.4,26.5066666666667,30.648275862069,29.5869710467706
"3179",4,"2018-04","S002","ASN00031011","CAIRNS AERO, AS",-16.8736,145.7458,"2018-04-10",2018,10,"04-10",10327,NA,28.2,31.5,24.9,26.5066666666667,30.648275862069,29.5869710467706
"3257",4,"2018-04","S002","ASN00031011","CAIRNS AERO, AS",-16.8736,145.7458,"2018-04-07",2018,7,"04-07",10324,NA,27.9,31.3,24.5,26.5066666666667,30.648275862069,29.5869710467706
"3258",4,"2018-04","S002","ASN00031011","CAIRNS AERO, AS",-16.8736,145.7458,"2018-04-08",2018,8,"04-08",10325,NA,28.65,32,25.3,26.5066666666667,30.648275862069,29.5869710467706
"3337",4,"2018-04","S002","ASN00031011","CAIRNS AERO, AS",-16.8736,145.7458,"2018-04-06",2018,6,"04-06",10323,NA,26.95,30.3,23.6,26.5066666666667,30.648275862069,29.5869710467706
"3416",4,"2018-04","S002","ASN00031011","CAIRNS AERO, AS",-16.8736,145.7458,"2018-04-05",2018,5,"04-05",10322,0,26.2,30.3,22.1,26.5066666666667,30.648275862069,29.5869710467706
"3470",4,"2018-04","S002","ASN00031011","CAIRNS AERO, AS",-16.8736,145.7458,"2018-04-04",2018,4,"04-04",10321,NA,26.1,30.9,21.3,26.5066666666667,30.648275862069,29.5869710467706
"3498",4,"2018-04","S002","ASN00031011","CAIRNS AERO, AS",-16.8736,145.7458,"2018-04-03",2018,3,"04-03",10320,NA,27.75,31.5,24,26.5066666666667,30.648275862069,29.5869710467706
"3512",4,"2018-04","S002","ASN00031011","CAIRNS AERO, AS",-16.8736,145.7458,"2018-04-02",2018,2,"04-02",10319,NA,27.8,31.2,24.4,26.5066666666667,30.648275862069,29.5869710467706
"3524",4,"2018-04","S002","ASN00031011","CAIRNS AERO, AS",-16.8736,145.7458,"2018-04-01",2018,1,"04-01",10318,NA,27.85,31.9,23.8,26.5066666666667,30.648275862069,29.5869710467706
"3602",5,"2018-05","S002","ASN00031011","CAIRNS AERO, AS",-16.8736,145.7458,"2018-05-28",2018,28,"05-28",10375,9.2,24.3,27.9,20.7,24.3548387096774,28.1129032258065,27.9907427341227
"3606",5,"2018-05","S002","ASN00031011","CAIRNS AERO, AS",-16.8736,145.7458,"2018-05-27",2018,27,"05-27",10374,NA,24.1,27.3,20.9,24.3548387096774,28.1129032258065,27.9907427341227
"3608",5,"2018-05","S002","ASN00031011","CAIRNS AERO, AS",-16.8736,145.7458,"2018-05-31",2018,31,"05-31",10378,0,22.2,27.2,17.2,24.3548387096774,28.1129032258065,27.9907427341227
"3615",5,"2018-05","S002","ASN00031011","CAIRNS AERO, AS",-16.8736,145.7458,"2018-05-29",2018,29,"05-29",10376,NA,22.4,24.2,20.6,24.3548387096774,28.1129032258065,27.9907427341227
"3625",5,"2018-05","S002","ASN00031011","CAIRNS AERO, AS",-16.8736,145.7458,"2018-05-30",2018,30,"05-30",10377,NA,24.35,27.4,21.3,24.3548387096774,28.1129032258065,27.9907427341227
"3738",5,"2018-05","S002","ASN00031011","CAIRNS AERO, AS",-16.8736,145.7458,"2018-05-16",2018,16,"05-16",10363,NA,24.05,29.2,18.9,24.3548387096774,28.1129032258065,27.9907427341227
"3745",5,"2018-05","S002","ASN00031011","CAIRNS AERO, AS",-16.8736,145.7458,"2018-05-26",2018,26,"05-26",10373,NA,23.95,27.4,20.5,24.3548387096774,28.1129032258065,27.9907427341227
"3787",5,"2018-05","S002","ASN00031011","CAIRNS AERO, AS",-16.8736,145.7458,"2018-05-25",2018,25,"05-25",10372,NA,24.1,26.7,21.5,24.3548387096774,28.1129032258065,27.9907427341227
"3794",5,"2018-05","S002","ASN00031011","CAIRNS AERO, AS",-16.8736,145.7458,"2018-05-15",2018,15,"05-15",10362,NA,21.55,27.8,15.3,24.3548387096774,28.1129032258065,27.9907427341227
"3814",5,"2018-05","S002","ASN00031011","CAIRNS AERO, AS",-16.8736,145.7458,"2018-05-24",2018,24,"05-24",10371,NA,23.95,27.3,20.6,24.3548387096774,28.1129032258065,27.9907427341227
"3841",5,"2018-05","S002","ASN00031011","CAIRNS AERO, AS",-16.8736,145.7458,"2018-05-23",2018,23,"05-23",10370,NA,24.5,27.7,21.3,24.3548387096774,28.1129032258065,27.9907427341227
"3861",5,"2018-05","S002","ASN00031011","CAIRNS AERO, AS",-16.8736,145.7458,"2018-05-14",2018,14,"05-14",10361,0,22.1,27.9,16.3,24.3548387096774,28.1129032258065,27.9907427341227
"3868",5,"2018-05","S002","ASN00031011","CAIRNS AERO, AS",-16.8736,145.7458,"2018-05-22",2018,22,"05-22",10369,NA,24.4,26.8,22,24.3548387096774,28.1129032258065,27.9907427341227
"3931",5,"2018-05","S002","ASN00031011","CAIRNS AERO, AS",-16.8736,145.7458,"2018-05-21",2018,21,"05-21",10368,0,25,27.9,22.1,24.3548387096774,28.1129032258065,27.9907427341227
"3941",5,"2018-05","S002","ASN00031011","CAIRNS AERO, AS",-16.8736,145.7458,"2018-05-13",2018,13,"05-13",10360,0,23.9,28.3,19.5,24.3548387096774,28.1129032258065,27.9907427341227
"4013",5,"2018-05","S002","ASN00031011","CAIRNS AERO, AS",-16.8736,145.7458,"2018-05-20",2018,20,"05-20",10367,NA,23.5,25.6,21.4,24.3548387096774,28.1129032258065,27.9907427341227
"4021",5,"2018-05","S002","ASN00031011","CAIRNS AERO, AS",-16.8736,145.7458,"2018-05-12",2018,12,"05-12",10359,0,24.85,30.3,19.4,24.3548387096774,28.1129032258065,27.9907427341227
"4053",5,"2018-05","S002","ASN00031011","CAIRNS AERO, AS",-16.8736,145.7458,"2018-05-19",2018,19,"05-19",10366,NA,24.35,26.9,21.8,24.3548387096774,28.1129032258065,27.9907427341227
"4093",5,"2018-05","S002","ASN00031011","CAIRNS AERO, AS",-16.8736,145.7458,"2018-05-18",2018,18,"05-18",10365,1.6,24.4,27.4,21.4,24.3548387096774,28.1129032258065,27.9907427341227
"4102",5,"2018-05","S002","ASN00031011","CAIRNS AERO, AS",-16.8736,145.7458,"2018-05-11",2018,11,"05-11",10358,0,25.65,30.6,20.7,24.3548387096774,28.1129032258065,27.9907427341227
"4134",5,"2018-05","S002","ASN00031011","CAIRNS AERO, AS",-16.8736,145.7458,"2018-05-17",2018,17,"05-17",10364,NA,22.95,24.1,21.8,24.3548387096774,28.1129032258065,27.9907427341227
"4182",5,"2018-05","S002","ASN00031011","CAIRNS AERO, AS",-16.8736,145.7458,"2018-05-10",2018,10,"05-10",10357,0,25.9,30.5,21.3,24.3548387096774,28.1129032258065,27.9907427341227
"4236",5,"2018-05","S002","ASN00031011","CAIRNS AERO, AS",-16.8736,145.7458,"2018-05-09",2018,9,"05-09",10356,NA,26.15,29.9,22.4,24.3548387096774,28.1129032258065,27.9907427341227
"4303",5,"2018-05","S002","ASN00031011","CAIRNS AERO, AS",-16.8736,145.7458,"2018-05-08",2018,8,"05-08",10355,NA,25.45,29.5,21.4,24.3548387096774,28.1129032258065,27.9907427341227
"4318",5,"2018-05","S002","ASN00031011","CAIRNS AERO, AS",-16.8736,145.7458,"2018-05-04",2018,4,"05-04",10351,NA,24.95,29.8,20.1,24.3548387096774,28.1129032258065,27.9907427341227
"4344",5,"2018-05","S002","ASN00031011","CAIRNS AERO, AS",-16.8736,145.7458,"2018-05-07",2018,7,"05-07",10354,NA,25.8,29.7,21.9,24.3548387096774,28.1129032258065,27.9907427341227
"4358",5,"2018-05","S002","ASN00031011","CAIRNS AERO, AS",-16.8736,145.7458,"2018-05-06",2018,6,"05-06",10353,NA,25.4,29.2,21.6,24.3548387096774,28.1129032258065,27.9907427341227
"4385",5,"2018-05","S002","ASN00031011","CAIRNS AERO, AS",-16.8736,145.7458,"2018-05-05",2018,5,"05-05",10352,NA,26.7,30.1,23.3,24.3548387096774,28.1129032258065,27.9907427341227
"4413",5,"2018-05","S002","ASN00031011","CAIRNS AERO, AS",-16.8736,145.7458,"2018-05-03",2018,3,"05-03",10350,1.8,24.65,29,20.3,24.3548387096774,28.1129032258065,27.9907427341227
"4440",5,"2018-05","S002","ASN00031011","CAIRNS AERO, AS",-16.8736,145.7458,"2018-05-02",2018,2,"05-02",10349,NA,24.65,28.8,20.5,24.3548387096774,28.1129032258065,27.9907427341227
"4480",5,"2018-05","S002","ASN00031011","CAIRNS AERO, AS",-16.8736,145.7458,"2018-05-01",2018,1,"05-01",10348,NA,24.8,29.1,20.5,24.3548387096774,28.1129032258065,27.9907427341227
"4536",6,"2018-06","S002","ASN00031011","CAIRNS AERO, AS",-16.8736,145.7458,"2018-06-30",2018,30,"06-30",10408,NA,22.4,23.4,21.4,21.88,26.6766666666667,26.5115555555556
"4537",6,"2018-06","S002","ASN00031011","CAIRNS AERO, AS",-16.8736,145.7458,"2018-06-28",2018,28,"06-28",10406,NA,24.25,27.5,21,21.88,26.6766666666667,26.5115555555556
"4543",6,"2018-06","S002","ASN00031011","CAIRNS AERO, AS",-16.8736,145.7458,"2018-06-29",2018,29,"06-29",10407,NA,24.55,27.8,21.3,21.88,26.6766666666667,26.5115555555556
"4549",6,"2018-06","S002","ASN00031011","CAIRNS AERO, AS",-16.8736,145.7458,"2018-06-27",2018,27,"06-27",10405,NA,23.05,26.6,19.5,21.88,26.6766666666667,26.5115555555556
"4559",6,"2018-06","S002","ASN00031011","CAIRNS AERO, AS",-16.8736,145.7458,"2018-06-25",2018,25,"06-25",10403,1.4,22.95,26.7,19.2,21.88,26.6766666666667,26.5115555555556
"4562",6,"2018-06","S002","ASN00031011","CAIRNS AERO, AS",-16.8736,145.7458,"2018-06-26",2018,26,"06-26",10404,NA,23.1,27.1,19.1,21.88,26.6766666666667,26.5115555555556
"4576",6,"2018-06","S002","ASN00031011","CAIRNS AERO, AS",-16.8736,145.7458,"2018-06-24",2018,24,"06-24",10402,NA,21.65,23.8,19.5,21.88,26.6766666666667,26.5115555555556
"4590",6,"2018-06","S002","ASN00031011","CAIRNS AERO, AS",-16.8736,145.7458,"2018-06-23",2018,23,"06-23",10401,NA,21.6,24.1,19.1,21.88,26.6766666666667,26.5115555555556
"4637",6,"2018-06","S002","ASN00031011","CAIRNS AERO, AS",-16.8736,145.7458,"2018-06-20",2018,20,"06-20",10398,0,18.7,24.7,12.7,21.88,26.6766666666667,26.5115555555556
"4659",6,"2018-06","S002","ASN00031011","CAIRNS AERO, AS",-16.8736,145.7458,"2018-06-22",2018,22,"06-22",10400,NA,22.5,27.6,17.4,21.88,26.6766666666667,26.5115555555556
"4681",6,"2018-06","S002","ASN00031011","CAIRNS AERO, AS",-16.8736,145.7458,"2018-06-19",2018,19,"06-19",10397,0,21.25,24.6,17.9,21.88,26.6766666666667,26.5115555555556
"4686",6,"2018-06","S002","ASN00031011","CAIRNS AERO, AS",-16.8736,145.7458,"2018-06-21",2018,21,"06-21",10399,0,20,25.5,14.5,21.88,26.6766666666667,26.5115555555556
"4695",6,"2018-06","S002","ASN00031011","CAIRNS AERO, AS",-16.8736,145.7458,"2018-06-18",2018,18,"06-18",10396,0,22.75,26.8,18.7,21.88,26.6766666666667,26.5115555555556
"4722",6,"2018-06","S002","ASN00031011","CAIRNS AERO, AS",-16.8736,145.7458,"2018-06-17",2018,17,"06-17",10395,0,23.85,28,19.7,21.88,26.6766666666667,26.5115555555556
"4781",6,"2018-06","S002","ASN00031011","CAIRNS AERO, AS",-16.8736,145.7458,"2018-06-15",2018,15,"06-15",10393,0,23.55,28.8,18.3,21.88,26.6766666666667,26.5115555555556
"4803",6,"2018-06","S002","ASN00031011","CAIRNS AERO, AS",-16.8736,145.7458,"2018-06-16",2018,16,"06-16",10394,0,24.1,28.8,19.4,21.88,26.6766666666667,26.5115555555556
"4824",6,"2018-06","S002","ASN00031011","CAIRNS AERO, AS",-16.8736,145.7458,"2018-06-14",2018,14,"06-14",10392,0,20.9,27.4,14.4,21.88,26.6766666666667,26.5115555555556
"4851",6,"2018-06","S002","ASN00031011","CAIRNS AERO, AS",-16.8736,145.7458,"2018-06-13",2018,13,"06-13",10391,0,20.85,27.7,14,21.88,26.6766666666667,26.5115555555556
"4891",6,"2018-06","S002","ASN00031011","CAIRNS AERO, AS",-16.8736,145.7458,"2018-06-12",2018,12,"06-12",10390,0,20.75,27.3,14.2,21.88,26.6766666666667,26.5115555555556
"4931",6,"2018-06","S002","ASN00031011","CAIRNS AERO, AS",-16.8736,145.7458,"2018-06-11",2018,11,"06-11",10389,0,21.65,28.7,14.6,21.88,26.6766666666667,26.5115555555556
"4972",6,"2018-06","S002","ASN00031011","CAIRNS AERO, AS",-16.8736,145.7458,"2018-06-10",2018,10,"06-10",10388,0,24.25,28,20.5,21.88,26.6766666666667,26.5115555555556
"5012",6,"2018-06","S002","ASN00031011","CAIRNS AERO, AS",-16.8736,145.7458,"2018-06-09",2018,9,"06-09",10387,0,22.8,28.3,17.3,21.88,26.6766666666667,26.5115555555556
"5052",6,"2018-06","S002","ASN00031011","CAIRNS AERO, AS",-16.8736,145.7458,"2018-06-08",2018,8,"06-08",10386,0,23,27.4,18.6,21.88,26.6766666666667,26.5115555555556
"5067",6,"2018-06","S002","ASN00031011","CAIRNS AERO, AS",-16.8736,145.7458,"2018-06-03",2018,3,"06-03",10381,0,18.75,25.8,11.7,21.88,26.6766666666667,26.5115555555556
"5092",6,"2018-06","S002","ASN00031011","CAIRNS AERO, AS",-16.8736,145.7458,"2018-06-07",2018,7,"06-07",10385,NA,22.9,27,18.8,21.88,26.6766666666667,26.5115555555556
"5106",6,"2018-06","S002","ASN00031011","CAIRNS AERO, AS",-16.8736,145.7458,"2018-06-06",2018,6,"06-06",10384,NA,20,27.2,12.8,21.88,26.6766666666667,26.5115555555556
"5107",6,"2018-06","S002","ASN00031011","CAIRNS AERO, AS",-16.8736,145.7458,"2018-06-02",2018,2,"06-02",10380,0,20.25,26,14.5,21.88,26.6766666666667,26.5115555555556
"5134",6,"2018-06","S002","ASN00031011","CAIRNS AERO, AS",-16.8736,145.7458,"2018-06-01",2018,1,"06-01",10379,0,22.8,26,19.6,21.88,26.6766666666667,26.5115555555556
"5146",6,"2018-06","S002","ASN00031011","CAIRNS AERO, AS",-16.8736,145.7458,"2018-06-05",2018,5,"06-05",10383,NA,18.55,25.9,11.2,21.88,26.6766666666667,26.5115555555556
"5160",6,"2018-06","S002","ASN00031011","CAIRNS AERO, AS",-16.8736,145.7458,"2018-06-04",2018,4,"06-04",10382,0,18.7,25.8,11.6,21.88,26.6766666666667,26.5115555555556
"5436",7,"2018-07","S002","ASN00031011","CAIRNS AERO, AS",-16.8736,145.7458,"2018-07-31",2018,31,"07-31",10439,NA,20.65,27.9,13.4,22.2451612903226,26.8066666666667,26.1733046286329
"5447",7,"2018-07","S002","ASN00031011","CAIRNS AERO, AS",-16.8736,145.7458,"2018-07-30",2018,30,"07-30",10438,NA,22.45,28.7,16.2,22.2451612903226,26.8066666666667,26.1733046286329
"5456",7,"2018-07","S002","ASN00031011","CAIRNS AERO, AS",-16.8736,145.7458,"2018-07-26",2018,26,"07-26",10434,NA,21.7,27.3,16.1,22.2451612903226,26.8066666666667,26.1733046286329
"5458",7,"2018-07","S002","ASN00031011","CAIRNS AERO, AS",-16.8736,145.7458,"2018-07-29",2018,29,"07-29",10437,NA,20.75,27.3,14.2,22.2451612903226,26.8066666666667,26.1733046286329
"5471",7,"2018-07","S002","ASN00031011","CAIRNS AERO, AS",-16.8736,145.7458,"2018-07-28",2018,28,"07-28",10436,NA,20.7,26.3,15.1,22.2451612903226,26.8066666666667,26.1733046286329
"5475",7,"2018-07","S002","ASN00031011","CAIRNS AERO, AS",-16.8736,145.7458,"2018-07-27",2018,27,"07-27",10435,NA,21,27,15,22.2451612903226,26.8066666666667,26.1733046286329
"5486",7,"2018-07","S002","ASN00031011","CAIRNS AERO, AS",-16.8736,145.7458,"2018-07-25",2018,25,"07-25",10433,0,27.15,NA,27.15,22.2451612903226,26.8066666666667,26.1733046286329
"5513",7,"2018-07","S002","ASN00031011","CAIRNS AERO, AS",-16.8736,145.7458,"2018-07-24",2018,24,"07-24",10432,0,22.15,27,17.3,22.2451612903226,26.8066666666667,26.1733046286329
"5534",7,"2018-07","S002","ASN00031011","CAIRNS AERO, AS",-16.8736,145.7458,"2018-07-21",2018,21,"07-21",10429,0,22.4,27.7,17.1,22.2451612903226,26.8066666666667,26.1733046286329
"5556",7,"2018-07","S002","ASN00031011","CAIRNS AERO, AS",-16.8736,145.7458,"2018-07-23",2018,23,"07-23",10431,0,22.55,27.3,17.8,22.2451612903226,26.8066666666667,26.1733046286329
"5564",7,"2018-07","S002","ASN00031011","CAIRNS AERO, AS",-16.8736,145.7458,"2018-07-20",2018,20,"07-20",10428,0,21.3,27,15.6,22.2451612903226,26.8066666666667,26.1733046286329
"5583",7,"2018-07","S002","ASN00031011","CAIRNS AERO, AS",-16.8736,145.7458,"2018-07-22",2018,22,"07-22",10430,0,21.8,28.2,15.4,22.2451612903226,26.8066666666667,26.1733046286329
"5591",7,"2018-07","S002","ASN00031011","CAIRNS AERO, AS",-16.8736,145.7458,"2018-07-19",2018,19,"07-19",10427,0,23.05,26.1,20,22.2451612903226,26.8066666666667,26.1733046286329
"5605",7,"2018-07","S002","ASN00031011","CAIRNS AERO, AS",-16.8736,145.7458,"2018-07-18",2018,18,"07-18",10426,0,22.1,23.9,20.3,22.2451612903226,26.8066666666667,26.1733046286329
"5687",7,"2018-07","S002","ASN00031011","CAIRNS AERO, AS",-16.8736,145.7458,"2018-07-17",2018,17,"07-17",10425,0,21.5,27.7,15.3,22.2451612903226,26.8066666666667,26.1733046286329
"5764",7,"2018-07","S002","ASN00031011","CAIRNS AERO, AS",-16.8736,145.7458,"2018-07-16",2018,16,"07-16",10424,0,22.6,27.6,17.6,22.2451612903226,26.8066666666667,26.1733046286329
"5846",7,"2018-07","S002","ASN00031011","CAIRNS AERO, AS",-16.8736,145.7458,"2018-07-15",2018,15,"07-15",10423,0,20.85,26.4,15.3,22.2451612903226,26.8066666666667,26.1733046286329
"5885",7,"2018-07","S002","ASN00031011","CAIRNS AERO, AS",-16.8736,145.7458,"2018-07-13",2018,13,"07-13",10421,0,21.15,27.2,15.1,22.2451612903226,26.8066666666667,26.1733046286329
"5886",7,"2018-07","S002","ASN00031011","CAIRNS AERO, AS",-16.8736,145.7458,"2018-07-14",2018,14,"07-14",10422,0,21.2,26.6,15.8,22.2451612903226,26.8066666666667,26.1733046286329
"5925",7,"2018-07","S002","ASN00031011","CAIRNS AERO, AS",-16.8736,145.7458,"2018-07-12",2018,12,"07-12",10420,0,22.45,26.8,18.1,22.2451612903226,26.8066666666667,26.1733046286329
"5964",7,"2018-07","S002","ASN00031011","CAIRNS AERO, AS",-16.8736,145.7458,"2018-07-09",2018,9,"07-09",10417,NA,21.3,24,18.6,22.2451612903226,26.8066666666667,26.1733046286329
"5965",7,"2018-07","S002","ASN00031011","CAIRNS AERO, AS",-16.8736,145.7458,"2018-07-11",2018,11,"07-11",10419,0,22.4,26.3,18.5,22.2451612903226,26.8066666666667,26.1733046286329
"5992",7,"2018-07","S002","ASN00031011","CAIRNS AERO, AS",-16.8736,145.7458,"2018-07-10",2018,10,"07-10",10418,NA,19,24.5,13.5,22.2451612903226,26.8066666666667,26.1733046286329
"6003",7,"2018-07","S002","ASN00031011","CAIRNS AERO, AS",-16.8736,145.7458,"2018-07-07",2018,7,"07-07",10415,NA,23,28.6,17.4,22.2451612903226,26.8066666666667,26.1733046286329
"6004",7,"2018-07","S002","ASN00031011","CAIRNS AERO, AS",-16.8736,145.7458,"2018-07-08",2018,8,"07-08",10416,NA,23.8,27,20.6,22.2451612903226,26.8066666666667,26.1733046286329
"6043",7,"2018-07","S002","ASN00031011","CAIRNS AERO, AS",-16.8736,145.7458,"2018-07-06",2018,6,"07-06",10414,NA,23.6,27.7,19.5,22.2451612903226,26.8066666666667,26.1733046286329
"6070",7,"2018-07","S002","ASN00031011","CAIRNS AERO, AS",-16.8736,145.7458,"2018-07-05",2018,5,"07-05",10413,NA,23.15,26.7,19.6,22.2451612903226,26.8066666666667,26.1733046286329
"6112",7,"2018-07","S002","ASN00031011","CAIRNS AERO, AS",-16.8736,145.7458,"2018-07-04",2018,4,"07-04",10412,NA,23.7,27,20.4,22.2451612903226,26.8066666666667,26.1733046286329
"6139",7,"2018-07","S002","ASN00031011","CAIRNS AERO, AS",-16.8736,145.7458,"2018-07-03",2018,3,"07-03",10411,NA,23.8,27,20.6,22.2451612903226,26.8066666666667,26.1733046286329
"6153",7,"2018-07","S002","ASN00031011","CAIRNS AERO, AS",-16.8736,145.7458,"2018-07-02",2018,2,"07-02",10410,NA,23.1,25.9,20.3,22.2451612903226,26.8066666666667,26.1733046286329
"6193",7,"2018-07","S002","ASN00031011","CAIRNS AERO, AS",-16.8736,145.7458,"2018-07-01",2018,1,"07-01",10409,NA,23.25,25.5,21,22.2451612903226,26.8066666666667,26.1733046286329
"6363",8,"2018-08","S002","ASN00031011","CAIRNS AERO, AS",-16.8736,145.7458,"2018-08-27",2018,27,"08-27",10466,0,24.55,31.2,17.9,22.2483870967742,28.1451612903226,26.997093649085
"6380",8,"2018-08","S002","ASN00031011","CAIRNS AERO, AS",-16.8736,145.7458,"2018-08-28",2018,28,"08-28",10467,0,22.25,28.7,15.8,22.2483870967742,28.1451612903226,26.997093649085
"6381",8,"2018-08","S002","ASN00031011","CAIRNS AERO, AS",-16.8736,145.7458,"2018-08-29",2018,29,"08-29",10468,0,21.55,27.1,16,22.2483870967742,28.1451612903226,26.997093649085
"6395",8,"2018-08","S002","ASN00031011","CAIRNS AERO, AS",-16.8736,145.7458,"2018-08-31",2018,31,"08-31",10470,0,21.45,28.3,14.6,22.2483870967742,28.1451612903226,26.997093649085
"6424",8,"2018-08","S002","ASN00031011","CAIRNS AERO, AS",-16.8736,145.7458,"2018-08-30",2018,30,"08-30",10469,0,23.55,28.5,18.6,22.2483870967742,28.1451612903226,26.997093649085
"6490",8,"2018-08","S002","ASN00031011","CAIRNS AERO, AS",-16.8736,145.7458,"2018-08-26",2018,26,"08-26",10465,0,22.7,29.1,16.3,22.2483870967742,28.1451612903226,26.997093649085
"6533",8,"2018-08","S002","ASN00031011","CAIRNS AERO, AS",-16.8736,145.7458,"2018-08-24",2018,24,"08-24",10463,0,22.05,28.2,15.9,22.2483870967742,28.1451612903226,26.997093649085
"6555",8,"2018-08","S002","ASN00031011","CAIRNS AERO, AS",-16.8736,145.7458,"2018-08-16",2018,16,"08-16",10455,0,23.05,28.6,17.5,22.2483870967742,28.1451612903226,26.997093649085
"6574",8,"2018-08","S002","ASN00031011","CAIRNS AERO, AS",-16.8736,145.7458,"2018-08-25",2018,25,"08-25",10464,0,24.05,28.4,19.7,22.2483870967742,28.1451612903226,26.997093649085
"6600",8,"2018-08","S002","ASN00031011","CAIRNS AERO, AS",-16.8736,145.7458,"2018-08-22",2018,22,"08-22",10461,0,19.1,26.7,11.5,22.2483870967742,28.1451612903226,26.997093649085
"6641",8,"2018-08","S002","ASN00031011","CAIRNS AERO, AS",-16.8736,145.7458,"2018-08-23",2018,23,"08-23",10462,0,20.4,27.1,13.7,22.2483870967742,28.1451612903226,26.997093649085
"6665",8,"2018-08","S002","ASN00031011","CAIRNS AERO, AS",-16.8736,145.7458,"2018-08-14",2018,14,"08-14",10453,0,22.35,26.4,18.3,22.2483870967742,28.1451612903226,26.997093649085
"6666",8,"2018-08","S002","ASN00031011","CAIRNS AERO, AS",-16.8736,145.7458,"2018-08-15",2018,15,"08-15",10454,1.4,22.4,27.8,17,22.2483870967742,28.1451612903226,26.997093649085
"6718",8,"2018-08","S002","ASN00031011","CAIRNS AERO, AS",-16.8736,145.7458,"2018-08-21",2018,21,"08-21",10460,0,20,26.3,13.7,22.2483870967742,28.1451612903226,26.997093649085
"6731",8,"2018-08","S002","ASN00031011","CAIRNS AERO, AS",-16.8736,145.7458,"2018-08-12",2018,12,"08-12",10451,0,21.2,27.8,14.6,22.2483870967742,28.1451612903226,26.997093649085
"6732",8,"2018-08","S002","ASN00031011","CAIRNS AERO, AS",-16.8736,145.7458,"2018-08-13",2018,13,"08-13",10452,0,20.7,28.3,13.1,22.2483870967742,28.1451612903226,26.997093649085
"6800",8,"2018-08","S002","ASN00031011","CAIRNS AERO, AS",-16.8736,145.7458,"2018-08-19",2018,19,"08-19",10458,0,21.85,31,12.7,22.2483870967742,28.1451612903226,26.997093649085
"6801",8,"2018-08","S002","ASN00031011","CAIRNS AERO, AS",-16.8736,145.7458,"2018-08-20",2018,20,"08-20",10459,0,19.35,27.1,11.6,22.2483870967742,28.1451612903226,26.997093649085
"6840",8,"2018-08","S002","ASN00031011","CAIRNS AERO, AS",-16.8736,145.7458,"2018-08-18",2018,18,"08-18",10457,0,22.4,29.4,15.4,22.2483870967742,28.1451612903226,26.997093649085
"6880",8,"2018-08","S002","ASN00031011","CAIRNS AERO, AS",-16.8736,145.7458,"2018-08-17",2018,17,"08-17",10456,0,24.35,29.2,19.5,22.2483870967742,28.1451612903226,26.997093649085
"6891",8,"2018-08","S002","ASN00031011","CAIRNS AERO, AS",-16.8736,145.7458,"2018-08-10",2018,10,"08-10",10449,0,21.15,26.9,15.4,22.2483870967742,28.1451612903226,26.997093649085
"6892",8,"2018-08","S002","ASN00031011","CAIRNS AERO, AS",-16.8736,145.7458,"2018-08-11",2018,11,"08-11",10450,0,20.75,27,14.5,22.2483870967742,28.1451612903226,26.997093649085
"6970",8,"2018-08","S002","ASN00031011","CAIRNS AERO, AS",-16.8736,145.7458,"2018-08-08",2018,8,"08-08",10447,0,24.05,27.4,20.7,22.2483870967742,28.1451612903226,26.997093649085
"6971",8,"2018-08","S002","ASN00031011","CAIRNS AERO, AS",-16.8736,145.7458,"2018-08-09",2018,9,"08-09",10448,0,23.2,27.9,18.5,22.2483870967742,28.1451612903226,26.997093649085
"7049",8,"2018-08","S002","ASN00031011","CAIRNS AERO, AS",-16.8736,145.7458,"2018-08-06",2018,6,"08-06",10445,0,23.1,28.4,17.8,22.2483870967742,28.1451612903226,26.997093649085
"7050",8,"2018-08","S002","ASN00031011","CAIRNS AERO, AS",-16.8736,145.7458,"2018-08-07",2018,7,"08-07",10446,0,23.4,28.5,18.3,22.2483870967742,28.1451612903226,26.997093649085
"7116",8,"2018-08","S002","ASN00031011","CAIRNS AERO, AS",-16.8736,145.7458,"2018-08-05",2018,5,"08-05",10444,0,23.15,28.2,18.1,22.2483870967742,28.1451612903226,26.997093649085
"7157",8,"2018-08","S002","ASN00031011","CAIRNS AERO, AS",-16.8736,145.7458,"2018-08-04",2018,4,"08-04",10443,0,23.6,28.6,18.6,22.2483870967742,28.1451612903226,26.997093649085
"7197",8,"2018-08","S002","ASN00031011","CAIRNS AERO, AS",-16.8736,145.7458,"2018-08-02",2018,2,"08-02",10441,0,23.05,27.7,18.4,22.2483870967742,28.1451612903226,26.997093649085
"7198",8,"2018-08","S002","ASN00031011","CAIRNS AERO, AS",-16.8736,145.7458,"2018-08-03",2018,3,"08-03",10442,0,23.05,28.7,17.4,22.2483870967742,28.1451612903226,26.997093649085
"7224",8,"2018-08","S002","ASN00031011","CAIRNS AERO, AS",-16.8736,145.7458,"2018-08-01",2018,1,"08-01",10440,0,21.9,28,15.8,22.2483870967742,28.1451612903226,26.997093649085
"7292",9,"2018-09","S002","ASN00031011","CAIRNS AERO, AS",-16.8736,145.7458,"2018-09-30",2018,30,"09-30",10500,NA,25.45,29.9,21,23.8116666666667,29.52,28.6544444444444
"7296",9,"2018-09","S002","ASN00031011","CAIRNS AERO, AS",-16.8736,145.7458,"2018-09-27",2018,27,"09-27",10497,NA,23.75,29.9,17.6,23.8116666666667,29.52,28.6544444444444
"7297",9,"2018-09","S002","ASN00031011","CAIRNS AERO, AS",-16.8736,145.7458,"2018-09-28",2018,28,"09-28",10498,NA,22.2,29.5,14.9,23.8116666666667,29.52,28.6544444444444
"7298",9,"2018-09","S002","ASN00031011","CAIRNS AERO, AS",-16.8736,145.7458,"2018-09-26",2018,26,"09-26",10496,NA,23.8,29.3,18.3,23.8116666666667,29.52,28.6544444444444
"7305",9,"2018-09","S002","ASN00031011","CAIRNS AERO, AS",-16.8736,145.7458,"2018-09-29",2018,29,"09-29",10499,NA,25.45,30.2,20.7,23.8116666666667,29.52,28.6544444444444
"7389",9,"2018-09","S002","ASN00031011","CAIRNS AERO, AS",-16.8736,145.7458,"2018-09-25",2018,25,"09-25",10495,NA,24.25,29.3,19.2,23.8116666666667,29.52,28.6544444444444
"7425",9,"2018-09","S002","ASN00031011","CAIRNS AERO, AS",-16.8736,145.7458,"2018-09-14",2018,14,"09-14",10484,0,24.75,29.6,19.9,23.8116666666667,29.52,28.6544444444444
"7435",9,"2018-09","S002","ASN00031011","CAIRNS AERO, AS",-16.8736,145.7458,"2018-09-15",2018,15,"09-15",10485,0,24.6,30.1,19.1,23.8116666666667,29.52,28.6544444444444
"7485",9,"2018-09","S002","ASN00031011","CAIRNS AERO, AS",-16.8736,145.7458,"2018-09-23",2018,23,"09-23",10493,NA,23,26.8,19.2,23.8116666666667,29.52,28.6544444444444
"7486",9,"2018-09","S002","ASN00031011","CAIRNS AERO, AS",-16.8736,145.7458,"2018-09-24",2018,24,"09-24",10494,4.4,23.55,27.8,19.3,23.8116666666667,29.52,28.6544444444444
"7492",9,"2018-09","S002","ASN00031011","CAIRNS AERO, AS",-16.8736,145.7458,"2018-09-13",2018,13,"09-13",10483,0,24.9,30,19.8,23.8116666666667,29.52,28.6544444444444
"7539",9,"2018-09","S002","ASN00031011","CAIRNS AERO, AS",-16.8736,145.7458,"2018-09-21",2018,21,"09-21",10491,0,22.55,30.3,14.8,23.8116666666667,29.52,28.6544444444444
"7553",9,"2018-09","S002","ASN00031011","CAIRNS AERO, AS",-16.8736,145.7458,"2018-09-22",2018,22,"09-22",10492,NA,25.05,28.4,21.7,23.8116666666667,29.52,28.6544444444444
"7572",9,"2018-09","S002","ASN00031011","CAIRNS AERO, AS",-16.8736,145.7458,"2018-09-12",2018,12,"09-12",10482,0,24.8,28.9,20.7,23.8116666666667,29.52,28.6544444444444
"7602",9,"2018-09","S002","ASN00031011","CAIRNS AERO, AS",-16.8736,145.7458,"2018-09-20",2018,20,"09-20",10490,0,23.8,30.5,17.1,23.8116666666667,29.52,28.6544444444444
"7644",9,"2018-09","S002","ASN00031011","CAIRNS AERO, AS",-16.8736,145.7458,"2018-09-19",2018,19,"09-19",10489,0,24.5,29.8,19.2,23.8116666666667,29.52,28.6544444444444
"7652",9,"2018-09","S002","ASN00031011","CAIRNS AERO, AS",-16.8736,145.7458,"2018-09-11",2018,11,"09-11",10481,0,24.05,28.8,19.3,23.8116666666667,29.52,28.6544444444444
"7684",9,"2018-09","S002","ASN00031011","CAIRNS AERO, AS",-16.8736,145.7458,"2018-09-18",2018,18,"09-18",10488,0,25.75,30.1,21.4,23.8116666666667,29.52,28.6544444444444
"7724",9,"2018-09","S002","ASN00031011","CAIRNS AERO, AS",-16.8736,145.7458,"2018-09-17",2018,17,"09-17",10487,0,23,31.8,14.2,23.8116666666667,29.52,28.6544444444444
"7733",9,"2018-09","S002","ASN00031011","CAIRNS AERO, AS",-16.8736,145.7458,"2018-09-10",2018,10,"09-10",10480,0,23.5,30.2,16.8,23.8116666666667,29.52,28.6544444444444
"7813",9,"2018-09","S002","ASN00031011","CAIRNS AERO, AS",-16.8736,145.7458,"2018-09-09",2018,9,"09-09",10479,0,24.6,31.5,17.7,23.8116666666667,29.52,28.6544444444444
"7832",9,"2018-09","S002","ASN00031011","CAIRNS AERO, AS",-16.8736,145.7458,"2018-09-16",2018,16,"09-16",10486,0,23.45,29.5,17.4,23.8116666666667,29.52,28.6544444444444
"7880",9,"2018-09","S002","ASN00031011","CAIRNS AERO, AS",-16.8736,145.7458,"2018-09-08",2018,8,"09-08",10478,0,24.4,29.9,18.9,23.8116666666667,29.52,28.6544444444444
"7934",9,"2018-09","S002","ASN00031011","CAIRNS AERO, AS",-16.8736,145.7458,"2018-09-07",2018,7,"09-07",10477,0,24.7,30,19.4,23.8116666666667,29.52,28.6544444444444
"7975",9,"2018-09","S002","ASN00031011","CAIRNS AERO, AS",-16.8736,145.7458,"2018-09-06",2018,6,"09-06",10476,0,22.55,28.3,16.8,23.8116666666667,29.52,28.6544444444444
"7976",9,"2018-09","S002","ASN00031011","CAIRNS AERO, AS",-16.8736,145.7458,"2018-09-03",2018,3,"09-03",10473,0,23.95,31.9,16,23.8116666666667,29.52,28.6544444444444
"8002",9,"2018-09","S002","ASN00031011","CAIRNS AERO, AS",-16.8736,145.7458,"2018-09-05",2018,5,"09-05",10475,0,22.75,28.3,17.2,23.8116666666667,29.52,28.6544444444444
"8003",9,"2018-09","S002","ASN00031011","CAIRNS AERO, AS",-16.8736,145.7458,"2018-09-02",2018,2,"09-02",10472,0,22.1,28.6,15.6,23.8116666666667,29.52,28.6544444444444
"8029",9,"2018-09","S002","ASN00031011","CAIRNS AERO, AS",-16.8736,145.7458,"2018-09-04",2018,4,"09-04",10474,0,21.25,28.4,14.1,23.8116666666667,29.52,28.6544444444444
"8084",9,"2018-09","S002","ASN00031011","CAIRNS AERO, AS",-16.8736,145.7458,"2018-09-01",2018,1,"09-01",10471,0,21.9,28,15.8,23.8116666666667,29.52,28.6544444444444
"8192",10,"2018-10","S002","ASN00031011","CAIRNS AERO, AS",-16.8736,145.7458,"2018-10-30",2018,30,"10-30",10530,0,29.2,33,25.4,25.7822580645161,30.4193548387097,29.8776103336921
"8197",10,"2018-10","S002","ASN00031011","CAIRNS AERO, AS",-16.8736,145.7458,"2018-10-27",2018,27,"10-27",10527,0,24.9,30.6,19.2,25.7822580645161,30.4193548387097,29.8776103336921
"8199",10,"2018-10","S002","ASN00031011","CAIRNS AERO, AS",-16.8736,145.7458,"2018-10-31",2018,31,"10-31",10531,0,28.3,32.9,23.7,25.7822580645161,30.4193548387097,29.8776103336921
"8200",10,"2018-10","S002","ASN00031011","CAIRNS AERO, AS",-16.8736,145.7458,"2018-10-29",2018,29,"10-29",10529,0,27.05,32.2,21.9,25.7822580645161,30.4193548387097,29.8776103336921
"8208",10,"2018-10","S002","ASN00031011","CAIRNS AERO, AS",-16.8736,145.7458,"2018-10-28",2018,28,"10-28",10528,0,23.8,30.9,16.7,25.7822580645161,30.4193548387097,29.8776103336921
"8231",10,"2018-10","S002","ASN00031011","CAIRNS AERO, AS",-16.8736,145.7458,"2018-10-26",2018,26,"10-26",10526,0,28.2,33.1,23.3,25.7822580645161,30.4193548387097,29.8776103336921
"8262",10,"2018-10","S002","ASN00031011","CAIRNS AERO, AS",-16.8736,145.7458,"2018-10-25",2018,25,"10-25",10525,0,27.3,33.3,21.3,25.7822580645161,30.4193548387097,29.8776103336921
"8276",10,"2018-10","S002","ASN00031011","CAIRNS AERO, AS",-16.8736,145.7458,"2018-10-24",2018,24,"10-24",10524,0,26.7,31.4,22,25.7822580645161,30.4193548387097,29.8776103336921
"8297",10,"2018-10","S002","ASN00031011","CAIRNS AERO, AS",-16.8736,145.7458,"2018-10-21",2018,21,"10-21",10521,0,25.8,30.5,21.1,25.7822580645161,30.4193548387097,29.8776103336921
"8318",10,"2018-10","S002","ASN00031011","CAIRNS AERO, AS",-16.8736,145.7458,"2018-10-23",2018,23,"10-23",10523,0,27.2,30.7,23.7,25.7822580645161,30.4193548387097,29.8776103336921
"8340",10,"2018-10","S002","ASN00031011","CAIRNS AERO, AS",-16.8736,145.7458,"2018-10-20",2018,20,"10-20",10520,0,27.9,32.6,23.2,25.7822580645161,30.4193548387097,29.8776103336921
"8358",10,"2018-10","S002","ASN00031011","CAIRNS AERO, AS",-16.8736,145.7458,"2018-10-22",2018,22,"10-22",10522,0,25.95,30.3,21.6,25.7822580645161,30.4193548387097,29.8776103336921
"8367",10,"2018-10","S002","ASN00031011","CAIRNS AERO, AS",-16.8736,145.7458,"2018-10-19",2018,19,"10-19",10519,0,28,32.7,23.3,25.7822580645161,30.4193548387097,29.8776103336921
"8407",10,"2018-10","S002","ASN00031011","CAIRNS AERO, AS",-16.8736,145.7458,"2018-10-18",2018,18,"10-18",10518,0,26.2,30.6,21.8,25.7822580645161,30.4193548387097,29.8776103336921
"8440",10,"2018-10","S002","ASN00031011","CAIRNS AERO, AS",-16.8736,145.7458,"2018-10-16",2018,16,"10-16",10516,0,26.4,30,22.8,25.7822580645161,30.4193548387097,29.8776103336921
"8483",10,"2018-10","S002","ASN00031011","CAIRNS AERO, AS",-16.8736,145.7458,"2018-10-15",2018,15,"10-15",10515,0,26.65,29.9,23.4,25.7822580645161,30.4193548387097,29.8776103336921
"8502",10,"2018-10","S002","ASN00031011","CAIRNS AERO, AS",-16.8736,145.7458,"2018-10-17",2018,17,"10-17",10517,0,25.9,29.7,22.1,25.7822580645161,30.4193548387097,29.8776103336921
"8523",10,"2018-10","S002","ASN00031011","CAIRNS AERO, AS",-16.8736,145.7458,"2018-10-14",2018,14,"10-14",10514,NA,25.65,28.7,22.6,25.7822580645161,30.4193548387097,29.8776103336921
"8563",10,"2018-10","S002","ASN00031011","CAIRNS AERO, AS",-16.8736,145.7458,"2018-10-13",2018,13,"10-13",10513,NA,26.55,30,23.1,25.7822580645161,30.4193548387097,29.8776103336921
"8603",10,"2018-10","S002","ASN00031011","CAIRNS AERO, AS",-16.8736,145.7458,"2018-10-12",2018,12,"10-12",10512,NA,25.2,30.7,19.7,25.7822580645161,30.4193548387097,29.8776103336921
"8644",10,"2018-10","S002","ASN00031011","CAIRNS AERO, AS",-16.8736,145.7458,"2018-10-11",2018,11,"10-11",10511,NA,23.75,29.4,18.1,25.7822580645161,30.4193548387097,29.8776103336921
"8684",10,"2018-10","S002","ASN00031011","CAIRNS AERO, AS",-16.8736,145.7458,"2018-10-10",2018,10,"10-10",10510,NA,24.3,29.3,19.3,25.7822580645161,30.4193548387097,29.8776103336921
"8724",10,"2018-10","S002","ASN00031011","CAIRNS AERO, AS",-16.8736,145.7458,"2018-10-09",2018,9,"10-09",10509,NA,24.85,29.2,20.5,25.7822580645161,30.4193548387097,29.8776103336921
"8764",10,"2018-10","S002","ASN00031011","CAIRNS AERO, AS",-16.8736,145.7458,"2018-10-08",2018,8,"10-08",10508,0,24.55,28.7,20.4,25.7822580645161,30.4193548387097,29.8776103336921
"8779",10,"2018-10","S002","ASN00031011","CAIRNS AERO, AS",-16.8736,145.7458,"2018-10-04",2018,4,"10-04",10504,NA,23.35,29.3,17.4,25.7822580645161,30.4193548387097,29.8776103336921
"8791",10,"2018-10","S002","ASN00031011","CAIRNS AERO, AS",-16.8736,145.7458,"2018-10-07",2018,7,"10-07",10507,NA,25.45,29,21.9,25.7822580645161,30.4193548387097,29.8776103336921
"8806",10,"2018-10","S002","ASN00031011","CAIRNS AERO, AS",-16.8736,145.7458,"2018-10-03",2018,3,"10-03",10503,NA,23.55,27.8,19.3,25.7822580645161,30.4193548387097,29.8776103336921
"8818",10,"2018-10","S002","ASN00031011","CAIRNS AERO, AS",-16.8736,145.7458,"2018-10-06",2018,6,"10-06",10506,NA,24.45,29.1,19.8,25.7822580645161,30.4193548387097,29.8776103336921
"8832",10,"2018-10","S002","ASN00031011","CAIRNS AERO, AS",-16.8736,145.7458,"2018-10-05",2018,5,"10-05",10505,NA,22.05,28.6,15.5,25.7822580645161,30.4193548387097,29.8776103336921
"8846",10,"2018-10","S002","ASN00031011","CAIRNS AERO, AS",-16.8736,145.7458,"2018-10-02",2018,2,"10-02",10502,1,24.65,29,20.3,25.7822580645161,30.4193548387097,29.8776103336921
"8847",10,"2018-10","S002","ASN00031011","CAIRNS AERO, AS",-16.8736,145.7458,"2018-10-01",2018,1,"10-01",10501,NA,25.45,29.8,21.1,25.7822580645161,30.4193548387097,29.8776103336921
"9125",11,"2018-11","S002","ASN00031011","CAIRNS AERO, AS",-16.8736,145.7458,"2018-11-25",2018,25,"11-25",10556,0,30.45,36.4,24.5,28.3833333333333,33.7033333333333,31.0894327030033
"9143",11,"2018-11","S002","ASN00031011","CAIRNS AERO, AS",-16.8736,145.7458,"2018-11-29",2018,29,"11-29",10560,0,31.95,38.8,25.1,28.3833333333333,33.7033333333333,31.0894327030033
"9144",11,"2018-11","S002","ASN00031011","CAIRNS AERO, AS",-16.8736,145.7458,"2018-11-28",2018,28,"11-28",10559,2.6,33.35,40.5,26.2,28.3833333333333,33.7033333333333,31.0894327030033
"9156",11,"2018-11","S002","ASN00031011","CAIRNS AERO, AS",-16.8736,145.7458,"2018-11-30",2018,30,"11-30",10561,0,31,37.9,24.1,28.3833333333333,33.7033333333333,31.0894327030033
"9170",11,"2018-11","S002","ASN00031011","CAIRNS AERO, AS",-16.8736,145.7458,"2018-11-24",2018,24,"11-24",10555,NA,29.35,33.6,25.1,28.3833333333333,33.7033333333333,31.0894327030033
"9186",11,"2018-11","S002","ASN00031011","CAIRNS AERO, AS",-16.8736,145.7458,"2018-11-27",2018,27,"11-27",10558,NA,33.35,42.1,24.6,28.3833333333333,33.7033333333333,31.0894327030033
"9210",11,"2018-11","S002","ASN00031011","CAIRNS AERO, AS",-16.8736,145.7458,"2018-11-23",2018,23,"11-23",10554,NA,28.05,32.3,23.8,28.3833333333333,33.7033333333333,31.0894327030033
"9218",11,"2018-11","S002","ASN00031011","CAIRNS AERO, AS",-16.8736,145.7458,"2018-11-20",2018,20,"11-20",10551,0,26.7,31.8,21.6,28.3833333333333,33.7033333333333,31.0894327030033
"9226",11,"2018-11","S002","ASN00031011","CAIRNS AERO, AS",-16.8736,145.7458,"2018-11-22",2018,22,"11-22",10553,0,27.75,32.2,23.3,28.3833333333333,33.7033333333333,31.0894327030033
"9227",11,"2018-11","S002","ASN00031011","CAIRNS AERO, AS",-16.8736,145.7458,"2018-11-21",2018,21,"11-21",10552,0,27.35,31.6,23.1,28.3833333333333,33.7033333333333,31.0894327030033
"9288",11,"2018-11","S002","ASN00031011","CAIRNS AERO, AS",-16.8736,145.7458,"2018-11-18",2018,18,"11-18",10549,0,26.65,33,20.3,28.3833333333333,33.7033333333333,31.0894327030033
"9289",11,"2018-11","S002","ASN00031011","CAIRNS AERO, AS",-16.8736,145.7458,"2018-11-17",2018,17,"11-17",10548,0,25.95,32.5,19.4,28.3833333333333,33.7033333333333,31.0894327030033
"9290",11,"2018-11","S002","ASN00031011","CAIRNS AERO, AS",-16.8736,145.7458,"2018-11-19",2018,19,"11-19",10550,0,27.75,33.2,22.3,28.3833333333333,33.7033333333333,31.0894327030033
"9309",11,"2018-11","S002","ASN00031011","CAIRNS AERO, AS",-16.8736,145.7458,"2018-11-26",2018,26,"11-26",10557,0,33.75,42.6,24.9,28.3833333333333,33.7033333333333,31.0894327030033
"9358",11,"2018-11","S002","ASN00031011","CAIRNS AERO, AS",-16.8736,145.7458,"2018-11-16",2018,16,"11-16",10547,0,27.7,33.1,22.3,28.3833333333333,33.7033333333333,31.0894327030033
"9435",11,"2018-11","S002","ASN00031011","CAIRNS AERO, AS",-16.8736,145.7458,"2018-11-15",2018,15,"11-15",10546,0,27.95,33.3,22.6,28.3833333333333,33.7033333333333,31.0894327030033
"9517",11,"2018-11","S002","ASN00031011","CAIRNS AERO, AS",-16.8736,145.7458,"2018-11-13",2018,13,"11-13",10544,0,26.85,32.5,21.2,28.3833333333333,33.7033333333333,31.0894327030033
"9556",11,"2018-11","S002","ASN00031011","CAIRNS AERO, AS",-16.8736,145.7458,"2018-11-11",2018,11,"11-11",10542,NA,27.9,32.2,23.6,28.3833333333333,33.7033333333333,31.0894327030033
"9557",11,"2018-11","S002","ASN00031011","CAIRNS AERO, AS",-16.8736,145.7458,"2018-11-12",2018,12,"11-12",10543,0.4,28.2,33.1,23.3,28.3833333333333,33.7033333333333,31.0894327030033
"9558",11,"2018-11","S002","ASN00031011","CAIRNS AERO, AS",-16.8736,145.7458,"2018-11-14",2018,14,"11-14",10545,0,27.4,32.6,22.2,28.3833333333333,33.7033333333333,31.0894327030033
"9636",11,"2018-11","S002","ASN00031011","CAIRNS AERO, AS",-16.8736,145.7458,"2018-11-09",2018,9,"11-09",10540,NA,28.5,33.1,23.9,28.3833333333333,33.7033333333333,31.0894327030033
"9637",11,"2018-11","S002","ASN00031011","CAIRNS AERO, AS",-16.8736,145.7458,"2018-11-10",2018,10,"11-10",10541,NA,27.9,32.4,23.4,28.3833333333333,33.7033333333333,31.0894327030033
"9674",11,"2018-11","S002","ASN00031011","CAIRNS AERO, AS",-16.8736,145.7458,"2018-11-05",2018,5,"11-05",10536,0,26.8,30.5,23.1,28.3833333333333,33.7033333333333,31.0894327030033
"9675",11,"2018-11","S002","ASN00031011","CAIRNS AERO, AS",-16.8736,145.7458,"2018-11-07",2018,7,"11-07",10538,NA,25.5,30.5,20.5,28.3833333333333,33.7033333333333,31.0894327030033
"9676",11,"2018-11","S002","ASN00031011","CAIRNS AERO, AS",-16.8736,145.7458,"2018-11-08",2018,8,"11-08",10539,NA,26.25,31.2,21.3,28.3833333333333,33.7033333333333,31.0894327030033
"9714",11,"2018-11","S002","ASN00031011","CAIRNS AERO, AS",-16.8736,145.7458,"2018-11-04",2018,4,"11-04",10535,NA,27.75,31.8,23.7,28.3833333333333,33.7033333333333,31.0894327030033
"9715",11,"2018-11","S002","ASN00031011","CAIRNS AERO, AS",-16.8736,145.7458,"2018-11-06",2018,6,"11-06",10537,NA,26.9,31.3,22.5,28.3833333333333,33.7033333333333,31.0894327030033
"9783",11,"2018-11","S002","ASN00031011","CAIRNS AERO, AS",-16.8736,145.7458,"2018-11-03",2018,3,"11-03",10534,NA,27.1,31.1,23.1,28.3833333333333,33.7033333333333,31.0894327030033
"9823",11,"2018-11","S002","ASN00031011","CAIRNS AERO, AS",-16.8736,145.7458,"2018-11-02",2018,2,"11-02",10533,20.8,27,31,23,28.3833333333333,33.7033333333333,31.0894327030033
"9824",11,"2018-11","S002","ASN00031011","CAIRNS AERO, AS",-16.8736,145.7458,"2018-11-01",2018,1,"11-01",10532,NA,28.4,32.9,23.9,28.3833333333333,33.7033333333333,31.0894327030033
"10839",12,"2018-12","S002","ASN00031011","CAIRNS AERO, AS",-16.8736,145.7458,"2018-12-03",2018,3,"12-03",10564,0,29.55,33.9,25.2,28.0338709677419,31.8451612903226,31.7397201291712
"10840",12,"2018-12","S002","ASN00031011","CAIRNS AERO, AS",-16.8736,145.7458,"2018-12-04",2018,4,"12-04",10565,NA,30.3,34.5,26.1,28.0338709677419,31.8451612903226,31.7397201291712
"10841",12,"2018-12","S002","ASN00031011","CAIRNS AERO, AS",-16.8736,145.7458,"2018-12-05",2018,5,"12-05",10566,NA,29.6,33.2,26,28.0338709677419,31.8451612903226,31.7397201291712
"10842",12,"2018-12","S002","ASN00031011","CAIRNS AERO, AS",-16.8736,145.7458,"2018-12-06",2018,6,"12-06",10567,4,29,34.3,23.7,28.0338709677419,31.8451612903226,31.7397201291712
"10843",12,"2018-12","S002","ASN00031011","CAIRNS AERO, AS",-16.8736,145.7458,"2018-12-07",2018,7,"12-07",10568,NA,28.7,33.7,23.7,28.0338709677419,31.8451612903226,31.7397201291712
"10844",12,"2018-12","S002","ASN00031011","CAIRNS AERO, AS",-16.8736,145.7458,"2018-12-08",2018,8,"12-08",10569,NA,25.9,29.5,22.3,28.0338709677419,31.8451612903226,31.7397201291712
"10845",12,"2018-12","S002","ASN00031011","CAIRNS AERO, AS",-16.8736,145.7458,"2018-12-09",2018,9,"12-09",10570,NA,24.8,26.1,23.5,28.0338709677419,31.8451612903226,31.7397201291712
"10846",12,"2018-12","S002","ASN00031011","CAIRNS AERO, AS",-16.8736,145.7458,"2018-12-10",2018,10,"12-10",10571,169.6,26.35,29.6,23.1,28.0338709677419,31.8451612903226,31.7397201291712
"10847",12,"2018-12","S002","ASN00031011","CAIRNS AERO, AS",-16.8736,145.7458,"2018-12-11",2018,11,"12-11",10572,6.8,28.1,31.3,24.9,28.0338709677419,31.8451612903226,31.7397201291712
"10848",12,"2018-12","S002","ASN00031011","CAIRNS AERO, AS",-16.8736,145.7458,"2018-12-12",2018,12,"12-12",10573,NA,28.6,32.1,25.1,28.0338709677419,31.8451612903226,31.7397201291712
"10849",12,"2018-12","S002","ASN00031011","CAIRNS AERO, AS",-16.8736,145.7458,"2018-12-13",2018,13,"12-13",10574,0.4,28.45,31.9,25,28.0338709677419,31.8451612903226,31.7397201291712
"10850",12,"2018-12","S002","ASN00031011","CAIRNS AERO, AS",-16.8736,145.7458,"2018-12-14",2018,14,"12-14",10575,NA,26.3,30,22.6,28.0338709677419,31.8451612903226,31.7397201291712
"10851",12,"2018-12","S002","ASN00031011","CAIRNS AERO, AS",-16.8736,145.7458,"2018-12-15",2018,15,"12-15",10576,NA,27.7,30.1,25.3,28.0338709677419,31.8451612903226,31.7397201291712
"10852",12,"2018-12","S002","ASN00031011","CAIRNS AERO, AS",-16.8736,145.7458,"2018-12-16",2018,16,"12-16",10577,NA,30.3,35.7,24.9,28.0338709677419,31.8451612903226,31.7397201291712
"10853",12,"2018-12","S002","ASN00031011","CAIRNS AERO, AS",-16.8736,145.7458,"2018-12-17",2018,17,"12-17",10578,0,29.55,37.2,21.9,28.0338709677419,31.8451612903226,31.7397201291712
"10854",12,"2018-12","S002","ASN00031011","CAIRNS AERO, AS",-16.8736,145.7458,"2018-12-18",2018,18,"12-18",10579,0,29.8,38.1,21.5,28.0338709677419,31.8451612903226,31.7397201291712
"10855",12,"2018-12","S002","ASN00031011","CAIRNS AERO, AS",-16.8736,145.7458,"2018-12-19",2018,19,"12-19",10580,NA,28.4,32.5,24.3,28.0338709677419,31.8451612903226,31.7397201291712
"10856",12,"2018-12","S002","ASN00031011","CAIRNS AERO, AS",-16.8736,145.7458,"2018-12-20",2018,20,"12-20",10581,3.2,29.45,33.9,25,28.0338709677419,31.8451612903226,31.7397201291712
"10857",12,"2018-12","S002","ASN00031011","CAIRNS AERO, AS",-16.8736,145.7458,"2018-12-21",2018,21,"12-21",10582,0,29.1,33.6,24.6,28.0338709677419,31.8451612903226,31.7397201291712
"10858",12,"2018-12","S002","ASN00031011","CAIRNS AERO, AS",-16.8736,145.7458,"2018-12-22",2018,22,"12-22",10583,NA,29.3,32.8,25.8,28.0338709677419,31.8451612903226,31.7397201291712
"10859",12,"2018-12","S002","ASN00031011","CAIRNS AERO, AS",-16.8736,145.7458,"2018-12-23",2018,23,"12-23",10584,NA,28.6,32.7,24.5,28.0338709677419,31.8451612903226,31.7397201291712
"10860",12,"2018-12","S002","ASN00031011","CAIRNS AERO, AS",-16.8736,145.7458,"2018-12-24",2018,24,"12-24",10585,51.2,25.75,27.6,23.9,28.0338709677419,31.8451612903226,31.7397201291712
"10861",12,"2018-12","S002","ASN00031011","CAIRNS AERO, AS",-16.8736,145.7458,"2018-12-25",2018,25,"12-25",10586,NA,26.9,29.9,23.9,28.0338709677419,31.8451612903226,31.7397201291712
"10862",12,"2018-12","S002","ASN00031011","CAIRNS AERO, AS",-16.8736,145.7458,"2018-12-26",2018,26,"12-26",10587,NA,25.8,27.2,24.4,28.0338709677419,31.8451612903226,31.7397201291712
"10863",12,"2018-12","S002","ASN00031011","CAIRNS AERO, AS",-16.8736,145.7458,"2018-12-27",2018,27,"12-27",10588,NA,26.5,28.8,24.2,28.0338709677419,31.8451612903226,31.7397201291712
"10864",12,"2018-12","S002","ASN00031011","CAIRNS AERO, AS",-16.8736,145.7458,"2018-12-28",2018,28,"12-28",10589,NA,27.5,30.3,24.7,28.0338709677419,31.8451612903226,31.7397201291712
"10865",12,"2018-12","S002","ASN00031011","CAIRNS AERO, AS",-16.8736,145.7458,"2018-12-29",2018,29,"12-29",10590,NA,26.8,29.2,24.4,28.0338709677419,31.8451612903226,31.7397201291712
"10866",12,"2018-12","S002","ASN00031011","CAIRNS AERO, AS",-16.8736,145.7458,"2018-12-30",2018,30,"12-30",10591,NA,26.35,28.9,23.8,28.0338709677419,31.8451612903226,31.7397201291712
"10867",12,"2018-12","S002","ASN00031011","CAIRNS AERO, AS",-16.8736,145.7458,"2018-12-31",2018,31,"12-31",10592,474,27.4,30,24.8,28.0338709677419,31.8451612903226,31.7397201291712
"10877",12,"2018-12","S002","ASN00031011","CAIRNS AERO, AS",-16.8736,145.7458,"2018-12-01",2018,1,"12-01",10562,0,28.75,34.9,22.6,28.0338709677419,31.8451612903226,31.7397201291712
"10878",12,"2018-12","S002","ASN00031011","CAIRNS AERO, AS",-16.8736,145.7458,"2018-12-02",2018,2,"12-02",10563,0,29.45,33.7,25.2,28.0338709677419,31.8451612903226,31.7397201291712
